category_id;category_name;category_priority;non
5QCDr;?cole nationale d'ing?nieurs;1;
mCpLW;Universit?;1;
3Tv86;Organisation internationale;3;
OfNVg;Communaut? d'universit?s et ?tablissements exp?rimentale;3;
ctCSr;Communaut? d'universit?s et ?tablissements;4;
u45kl;Centre R?gional d?Innovation et de Transferts Technologiques;5;
B67Dl;Organisme li? ? la recherche;5;
MTFHZ;Soci?t? d'acc?l?ration du transfert de technologies;5;
HDR9x;Institut d'?tude politique;5;
98nFQ;Biblioth?que nationale;5;
2qg98;?cole nationale sup?rieure d'ing?nieurs;5;
gnP1F;?cole normale sup?rieure;5;
Dgbe9;Grand ?tablissement relevant d'un autre d?partement minist?riel;5;
16xJD;P?le de recherche et d'enseignement sup?rieur;5;
2ZdzP;Organisme de recherche;5;
7OtgP;Institut national polytechnique;5;
J0mQ2;Grand ?tablissement;6;
Eg7tX;?tablissement public exp?rimental;7;
Jb7uE;Centre de lutte contre le cancer;8;
eD820;?tablissement public ? caract?re scientifique et technologique;8;
hpU8F;?tablissement public ? caract?re industriel et commercial;8;
xijgv;Autre structure ?trang?re;10;
azyuq;Centre de ressources technologiques;50;
nw20k;Universit? de technologie;10;
9jm7d;Institut du CNRS;10;
FNw8I;Pays;10;n
FmvNV;Centre ? caract?re interminist?riel et pluridisciplinaire;10;
E9DJq;Service de sant? ?tudiante;10;
YhdwG;D?l?gation r?gionale acad?mique ? la recherche et ? l'innovation;10;
ydmvQ;Ambassade de France;10;n
t8gtc;Conseil r?gional;10;
RYT5d;Maison d'?dition;10;
MjVuy;D?l?gation r?gionale ? la recherche et ? la technologie;10;
aNEHc;Service ? comp?tence nationale;10;
rLEpm;Instance du CNESER;10;
PGAzE;Unit? de gestion administrative et des ressources humaines;10;n
KFBJA;Coll?ge d'administration centrale;10;
HApQp;Loi;10;n
SZTa3;Filiale d'?tablissements publics de l'enseignement sup?rieur et de la recherche;10;
IOj4Q;Banque publique d'investissement;10;
NsMkU;?tablissement d'enseignement sup?rieur ?tranger;10;n
Bnc5Q;Site internet;10;n
svJ2v;P?le de comp?titivit?;10;
bdaVE;P?le ?tudiant pour l?innovation, le transfert et l?entrepreneuriat;10;
flcSc;Vice-rectorat;10;
hIn75;Secr?tariat d'?tat;10;
AdKir;Service d'inspection;10;
WIJ52;Rectorat;10;
449Jl;Initiative Science-Innovation-Territoires-?conomie;10;
2f1dX;Autre ?tablissement d'enseignement sup?rieur;10;
4j275;Association d'?tablissement (Loi ESR 2013);10;
1uQLb;Centre hospitalier;10;
bXxJY;?cole de commerce et de management;10;
tJ22s;Centre national des ?uvres universitaires et scolaires;10;
9BZal;?cole de formation artistique;10;
LOyfa;?cole habilit?e ? d?livrer un dipl?me d'ing?nieur;10;
DqnCB;Convention de coordination territoriale;10;n
Rb8g5;?cole ext?rieure relevant d'un autre d?partement minist?riel;10;
s79DJ;Entreprise;10;
a6tFU;Chambre de commerce et d'industrie;10;
3u0A2;?cole fran?aise ? l'?tranger;10;
0YVlb;?tablissement priv? d'enseignement universitaire;10;
6052l;Organisme de financement de la recherche;10;
hg3v5;?cole d'ing?nieurs;10;
93BR1;?tablissement sup?rieur d'architecture;10;
vt1Z4;Institut ou ?cole ext?rieur aux universit?s;10;
li23C;Centre de formation d'apprentis;10;
UKuLb;Campus connect?;10;n
5ODel;Institut national sup?rieur du professorat et de l'?ducation;11;
lQhWw;Direction d'administration centrale;12;
FAHJL;D?l?gation d'administration centrale;13;
6qrt5;Implantation territoriale de l'IRD;15;
wcrdd;D?partement scientifique;15;
k39Ej;Lyc?e polyvalent priv?;15;
T01ni;Lyc?e d'enseignement g?n?ral et technologique agricole priv?;15;
xUAaI;Lyc?e g?n?ral public;15;
fLXVS;Lyc?e g?n?ral priv?;15;
ibeyv;Lyc?e g?n?ral et technologique priv?;15;
XLHsb;Lyc?e d'enseignement g?n?ral et technologique agricole public;15;
n4SKx;Lyc?e professionnel public;15;
XI4dr;Lyc?e polyvalent public;15;
R9ca4;Lyc?e g?n?ral et technologique public;15;
h1AG9;Centre de soins universitaire;15;
0Blaj;R?gion acad?mique;15;
OQK31;D?partement / Bureau d'administration centrale;15;
7lyt2;D?l?gation;15;
BzeFm;?cole de formation agricole ou halieutique;15;
7vn7r;Fondation de coop?ration scientifique;15;
Bwf7H;Dipl?me universitaire de technologie;19;
L6dWO;Initiative d'excellence;19;
FY1Nm;P?le d'Institut universitaire de technologie;19;
dXWQH;Chancellerie des Universit?s;19;
bf4uj;Infrastructure de recherche candidate ? la feuille de route 2026;80;
J41Xp;Maison d'?dition universitaire;20;
m864c;Groupe de travail - renouvellement de la Feuille de route nationale des infrastructures de recherche;20;n
AGyyx;Direction r?gionale du Centre de coop?ration internationale en recherche agronomique pour le d?veloppement;20;
Va4P1;?cole nationale v?t?rinaire;20;
am1T8;Institution ?trang?re en charge des politiques de mobilit? pour l'enseignement sup?rieur et la recherche;20;n
XQE8E;Institution ?trang?re en charge de la d?finition des politiques d'enseignement sup?rieur, de recherche et d'innovation;20;n
C9nJr;Institution ?trang?re d'expertise et d'aide ? la d?cision;20;n
E61CB;Institution ?trang?re en charge du financement de l'enseignement sup?rieur, de la recherche et de l'innovation;20;n
IqD8w;Instance ?trang?re de contr?le/d'?valuation;20;n
M6a5j;Accord de consortium;99;
h8hpj;F?d?ration de recherche;20;
4Ak5K;Infrastructure de recherche;20;
8x8g8;"Infrastructure de recherche ""?toile""";20;
VDM9F;Instrument de l?ESO;20;
ad2LF;Projet d'infrastructure;20;n
lmFys;?tablissement d?enseignement sup?rieur consulaire;20;
ScN9N;D?l?gation r?gionale de l'Inserm;20;
P3XZB;Institution ?trang?re active en mati?re de recherche et d'innovation;20;n
nEEjW;Fondation sous ?gide;20;
LM2bh;Centre de recherche;20;
RScFx;?quipe p?dagogique nationale;20;n
2YJ11;Institut interne;20;
41ZMP;Mission interminist?rielle Recherche et Enseignement sup?rieur;20;
58I57;R?seau informel;20;n
2e7Wx;Grand prix de l'Acad?mie des sciences morales et politiques;20;n
6sQxt;Institution publique d'expertise et d'aide ? la d?cision;20;
8c5wg;Prix de th?se;20;n
jM6Pt;Distinctions scientifiques ouvrant droit ? la prime d'excellence scientifique;20;n
sNP5t;Prix H?l?ne Starck de la Fondation ARC pour la recherche sur le cancer;20;n
sssv4;Prix jeunes chercheurs de la Fondation ARC pour la recherche sur le cancer;20;n
uv2xu;Prix L?Or?al-UNESCO Pour les Femmes et la Science;20;n
a1qW9;Prix du GIP recherche Droit & justice;20;n
FlKe8;Prix de l'Acad?mie nationale de chirurgie;20;n
YJcAf;?cole nationale sup?rieure agronomique;20;
w3j1n;Agence europ?enne;20;
I5Q5Z;Lieux d'innovation;20;n
493HF;Espace d'innovation;20;n
bMw3m;Prix th?matique de l?Acad?mie des sciences;20;n
jW59k;Prix Inria;20;n
1U744;Grand prix de l'Acad?mie des sciences;20;n
7Oi72;Think tank;20;
53puy;Prix de recherche de l'Inserm;20;n
8Ha33;Prix de l'Inserm;20;n
etl9Z;Prix de l'acad?mie des sciences;20;n
AyNB9;Prix Innovation de l'Inserm;20;n
7P10E;Prix Jeunes Chercheurs/euses de la Soci?t? fran?aise de physique;20;n
NDHQw;Grand Prix de la Soci?t? fran?aise de physique;20;n
c25Cl;Prix Etranger/International de l'Inserm;20;n
k2mIY;Prix de la Fondation pour la recherche m?dicale;20;n
GX8uH;Prix Nobel;20;n
X7va6;M?daille du CNRS;20;n
253RN;Prix Crafoord;20;n
394CD;Prix Albert-Lasker;20;n
5tbzM;Prix de sp?cialit? de la Soci?t? fran?aise de physique;20;n
JeJY5;Prix de la Soci?t? fran?aise de physique;20;n
yrmd0;?cole doctorale;20;
WLh5b;Universit? europ?enne;20;
dRO3k;Structure autonome;20;
2OBjJ;Soci?t? savante;20;
E7asB;Universit? num?rique;20;
K0mwU;Vague contractuelle;20;n
aSQu2;Service d'administration centrale;20;
BBqHD;R?seau;20;
0Jt22;Qualification;20;n
OdHZl;Association d'?tablissement (Ordonnance 2018);20;
IHR28;Commission;20;n
RI4tj;Centre universitaire de formation et de recherche;20;
gq1Ng;Conf?rence;20;n
E7fpZ;?cole d'administration publique;20;
9hBcs;?cole ou institut interne d'universit?, de grand ?tablissement...;20;
fJMdi;?tablissement public national de coop?ration ? caract?re administratif;20;
klwsX;?tablissement public national;20;
6cGO5;?cole sup?rieure du professorat et de l'?ducation;20;
V9Csu;Fondation d?entreprise;20;
GwqYk;Organisation patronale;20;
46iKf;Administration publique;20;
27NcE;Centre universitaire;20;
K7rb6;Centre de documentation;20;
n72kz;Centre r?gional des ?uvres universitaires et scolaires;20;
1F39N;?tablissement d'enseignement sup?rieur priv? rattach?s ? un EPSCP;20;
CP5ww;?cole de formation sanitaire et sociale;20;
RGJsy;?tablissement de sant?;20;
SBn35;?tablissement consulaire;20;
43B94;Fondation partenariale;20;
WGi6B;?tablissement public de coop?ration culturelle (EPCC);20;
b4Y82;Fondation reconnue d'utilit? publique;20;
eACZR;Groupement d'int?r?t scientifique;20;
xa7Tr;Gouvernement;20;
Mulrv;Holding;20;
JutNB;Instances de contr?le/d'?valuation;20;
ss6r4;Institut d?administration des entreprises;20;
a5mB6;Instance ind?pendante;20;
3nQ7G;Organisation professionnelle;20;
AVhzK;Institut de recherche technologique;20;
XwR7m;Organisation de repr?sentation ?tudiante;20;
i4O23;Observatoire;20;
uCd9F;Organisation syndicale;20;
p7Zqa;Fondation universitaire;20;
m6Wsi;Fondation hospitali?re;20;
IjlSb;Etablissement relevant d'un autre d?partement minist?riel rattach? ? un EPSCP;20;
fQ97b;F?d?ration;20;
WvesP;Institut de recherche et d'?ducation;20;
QdlAL;Grade;20;n
2ZTSf;Institut universitaire de technologie;20;
habHA;Institut hospitalo-universitaire;20;
ZyL9S;Mission d'administration centrale;20;
k4Avt;Espaces d'innovation;20;n
8JkRp;Prix Wolf;20;n
kfy1a;Alliance th?matique de recherche;20;n
GRwxP;Prix de l?inventeur europ?en;20;n
AWv99;Alliance d'?tablissements;22;
W6nrv;Biblioth?que associ?e;25;
HJFV5;?tablissement public exp?rimental p?rennis?;30;
shaKH;Institut universitaire de formation des ma?tres;30;
PqAYB;Antenne d?localis?e d'institut universitaire de technologie;30;
VZNCh;Institut de formation des ma?tres non universitaire;30;
yx2Mf;N?ud fran?ais d'infrastructure de recherche;30;
rnJwv;Si?ge d'infrastructure de recherche;30;
llEMP;?cole d'ing?nieurs polytechnique publique des universit?s;30;
Cnf1r;Instance de l'IUF;30;
qF496;Centre CEA;30;
Lv44w;Centre INRAE;30;
HdCkH;D?l?gation r?gionale du CNRS;30;
VshaQ;Centre de recherche Inria;30;
bL23I;Juridiction administrative;30;
q8tJX;D?partement du HCERES;30;
ryfj2;Sous-direction d'administration centrale;30;
T0EFj;Centre local des ?uvres universitaires et scolaires;30;
LnYLc;Nouveaux cursus ? l'universit?;30;n
jIS1r;Laboratoires d'excellence;30;
zOlB9;Association professionnelle;30;
OBJTC;Composante d'universit? avec formation dipl?mante;30;
7732P;?quipements d'excellence;30;
hP4Xy;?cole universitaire de recherche;30;
JMhiX;Biblioth?que;30;
Ve92P;Accr?ditation;30;n
LL7Fz;Label;30;n
UfEnK;?tablissement d'enseignement sup?rieur priv? d'int?r?t g?n?ral;30;
lnZ2E;Infrastructure monosite;40;
3lZrK;Infrastructure distribu?e;40;
ESB2I;Infrastructure virtuelle;40;
5bRja;Universit? tertiaire - droit et ?conomie;40;
yX0Xs;Universit? tertiaire - lettres et sciences Humaines;40;
UvC9F;Universit? pluridisciplinaire hors sant?;40;
tu7fX;Universit? pluridisciplinaire avec sant?;40;
z367d;Structure de recherche;40;
9SG53;Centre des ?uvres universitaires et scolaires;40;
LzIYN;Universit? scientifique et/ou m?dicale;40;
CyM9P;Infrastructure du domaine : Recherche en Sciences du Num?rique et Math?matiques;50;
9H7t3;Infrastructure du domaine : Sciences Humaines et Sociales;50;
JavYX;Infrastructure du domaine : Sciences de la mati?re et ing?nierie;50;
cD3U6;Infrastructure du domaine : Physique nucl?aire et des hautes ?nergies;50;
ahqzG;Infrastructure du domaine : Biologie et Sant?;50;
9QOuL;Infrastructure du domaine : ?nergie;50;
Zlvd7;Infrastructure du domaine : Sciences du Syst?me Terre et de l?Environnement;50;
S7sst;Infrastructure du domaine : Information scientifique et technique;50;
k2z84;Infrastructure du domaine : Astronomie et Astrophysique;50;
DsSZu;Infrastructure du domaine : E-Infrastructures;50;
EfjGM;Pole de comp?titivit? - Phase 4 (2019-2022) - Labellisation 4 ans;50;n
c390r;P?le de comp?titivit? - Phase 4 (2019-2022) - Labellisation 1 an;50;n
7w3QE;Autre structure;50;
21Fxr;Site secondaire;50;n
2iKO6;Concept;50;n
390zw;D?volution du patrimoine immobilier;50;n
ruGN7;Infrastructure du sous-domaine : Du pr?-clinique au clinique;60;
Da6Wc;Infrastructure du sous-domaine : Organismes mod?les et ressources;60;
sg4CY;Infrastructure du sous-domaine : Exploration fonctionnelle;60;
u7HYW;Infrastructure du sous-domaine : Bioinformatique, Cohortes, Bases de donn?es;60;
2WIXc;Responsabilit?s et comp?tences ?largies en mati?re budg?taire et de gestion des ressources humaines;60;n
mjy50;Infrastructure de recherche (ROR);65;
rslqh;Institution publique (ROR);65;
2fy6x;Entreprise (ROR);65;
8rh6n;?tablissement d'enseignement sup?rieur (ROR);65;
7g7dr;?tablissement de sant? (ROR);66;
4urre;Association li?e ? des activit?s de recherche (ROR);67;
wwi3h;Archive (ROR);67;
lcblh;Organisme de soutien ? la recherche (ROR);69;
vdg7l;?tablissement fran?ais pr?sent dans le classement de Shanghai;70;
dN4cZ;Infrastructure de dimension internationale;70;
saD4a;Infrastructure de dimension europ?enne;70;
mPPaJ;?tablissement fran?ais pr?sent dans le classement de Shanghai 2020;74;n
hn39q;?tablissement fran?ais pr?sent dans le classement de Shanghai 2018;75;n
ydckd;?tablissement fran?ais pr?sent dans le classement de Shanghai 2017;75;n
hpza9;?tablissement fran?ais pr?sent dans le classement de Shanghai 2016;75;n
m03vz;?tablissement fran?ais pr?sent dans le classement de Shanghai 2015;75;n
41fkn;?tablissement fran?ais pr?sent dans le classement de Shanghai 2014;75;n
qt8jq;?tablissement fran?ais pr?sent dans le classement de Shanghai 2013;75;n
ltblx;?tablissement fran?ais pr?sent dans le classement de Shanghai 2012;75;n
oyso1;?tablissement fran?ais pr?sent dans le classement de Shanghai 2011;75;n
9gbth;?tablissement fran?ais pr?sent dans le classement de Shanghai 2010;75;n
psgmw;?tablissement fran?ais pr?sent dans le classement de Shanghai 2009;75;n
837tk;?tablissement fran?ais pr?sent dans le classement de Shanghai 2008;75;n
p1jcw;?tablissement fran?ais pr?sent dans le classement de Shanghai 2007;75;n
zp1rl;?tablissement fran?ais pr?sent dans le classement de Shanghai 2006;75;n
jrnc4;?tablissement fran?ais pr?sent dans le classement de Shanghai 2005;75;n
qvybj;?tablissement fran?ais pr?sent dans le classement de Shanghai 2004;75;n
vkem1;?tablissement fran?ais pr?sent dans le classement de Shanghai 2003;75;n
y8uce;?tablissement fran?ais pr?sent dans le classement de Shanghai 2024;75;n
u4n3f;Etablissements fran?ais pr?sents dans le classement de Shanghai 2023;75;n
RAE5Y;Etablissement compos? uniquement de STS et/ou de CPGE;75;n
tJ2fW;Etablissement fran?ais pr?sent dans le classement Times Higher Education (THE) 2023;75;n
ZAYxe;Etablissement accr?dit? ? d?livrer un  ou plusieurs dipl?mes nationaux;75;
bf4i6;Canc?rop?le;75;
U583Y;Etablissement fran?ais pr?sent dans le classement de Shanghai 2022;75;n
cSVaA;Start-Up issue d'un Organisme National de Recherche;75;n
Lr86T;Unit? r?gionale de formation ? l'information scientifique et technique;75;n
7v8JM;Incubateur;75;
tZiYs;Start-up issue du programme d'accompagnement Magellan du CEA;75;n
939O0;Start-up issue du programme d'accompagnement INRIA Start-Up Studio d'INRIA;75;n
Tz7r0;Start-up issue du programme d'accompagnement Rise du CNRS;75;n
58apL;Start-up accompagn?e par l'Universit? Paris Saclay;75;n
lWlfw;Start-up accompagn?e par l'Universit? Paris Sciences et Lettres;75;n
4wuYj;Start-up accompagn?e par l'INRIA;75;n
YEGTT;Start-up accompagn?e par l'INSERM;75;n
J0fLp;Start-up ayant b?n?fici? d'un programme d'accompagnement;75;n
x1ZKk;Start-up accompagn?e par le CNRS;75;n
GBCfD;Start-up accompagn?e par l'INRAE;75;n
rh13d;Start-Up;75;
BpjO2;Start-up accompagn?e par le CEA;75;n
DQuJj;Programme Fulbright;75;n
tttW0;Service d'Information Scientifique et Technique;75;
Sv5bb;Tutelle des ?tablissements;75;n
lp9Ji;Centre de ressource, d'expertise et de performances sportives;75;n
snhsg;Institut de Pr?paration ? l'Administration G?n?rale;75;
A9Xan;Alliance;75;
ff21L;Structures fran?aises pr?sentes dans le classement THE Young University Ranking 2022;75;n
P1aMH;Antenne de P?le ?tudiant pour l?innovation, le transfert et l?entrepreneuriat;75;n
yfY82;Autre institution ?trang?re;75;n
M3ild;Direction r?gionale de l'?conomie, de l'emploi, du travail et des solidarit?s;75;
Rgg1y;Bureau d'aide psychologique universitaire;75;n
mEzjg;Ecole technico-professionnelle de services;20;n
e3Ciu;Etablissement d'enseignement sup?rieur autoris? ? d?livrer un dipl?me vis? par le ministre charg? de l'enseignement sup?rieur et pouvant conf?rer le grade de licence ou de master ? leurs titulaires;75;
MUljn;D?monstrateur num?rique dans l'enseignement sup?rieur;75;n
mb6kn;Office de Transfert de Technologie;75;
Ad7lw;Service interuniversitaire de documentation;75;n
B0nUY;Direction op?rationnelle CEA;75;
xmAXA;Coll?ge public;75;
G6FNH;Institut r?gional d'administration;75;
zErnz;Etablissements d'enseignement sup?rieur agricole priv?s d'int?r?t g?n?ral aggr?s ? dispenser une formation pr?parant au dipl?me d'Etat de docteur v?t?rinaire;75;
r7E0j;Label Science avec et pour la Soci?t?;75;n
BNc96;Institut de Formation en Soins Infirmiers et Aide-Soignants;75;
A8F3B;Structure documentaire;75;
D93sU;Etablissements labellis?s Qualiopi;75;n
uD1D6;Ecole sup?rieure priv?e sous contrat avec le minist?re charg? de l'agriculture;75;
cK9Hd;Lyc?e professionnel priv?;75;
GcHqM;Service d'activit?s industrielles et commerciales;75;
D0jbC;P?le universitaire d'innovation;75;
f4yK0;Institut Carnot;75;
Zcc8g;Sous-th?matique des initiatives des acteurs du sup;75;n
nqp7r;Instance du Centre national de la recherche scientifique;75;
T9gjR;Etablissements fran?ais pr?sents dans le classement U-Multirank 2021;75;n
mlkGR;Th?matique des initiatives des acteurs du sup;75;n
g3Glm;Service Commun de Documentation;75;n
H93xL;Etablissement fran?ais pr?sent dans le classement Times Higher Education (THE) 2022;75;n
luH10;Biblioth?que int?gr?e;75;
Ff8RN;Structure labellis?e CollEx-Pers?e;75;n
DH2Ky;Dipl?me universitaire de technologie - Secteur de la production;75;
Gz8uF;?tablissement fran?ais pr?sent dans le classement de Shanghai 2021;75;n
uZ2E2;Entreprise ?trang?re;75;
NT21A;Dipl?me universitaire de technologie - Secteur des services;75;n
zFgns;Instance ?tudiante repr?sent?e au CNESER;75;n
HY5rY;Campus des m?tiers et des qualifications labellis?;75;n
ZKsGj;Label D?veloppement Durable et Responsabilit? Soci?tale;75;n
dLXCj;Ecole sup?rieure technique autoris?e ? d?livrer un dipl?me reconnu par le MESRE;75;
t8kDS;Structure accueillant une ou plusieurs Pr?pa Talents;75;n
mNJ1Z;Incubateur public;75;
pQG71;Structure relevant du CNAM;75;n
J8PpC;Province;75;n
Fm9Tk;Structure d?centralis?e du CNAM;75;n
tHjcl;Ecole de sp?cialisation d?livrant un dipl?me d'ing?nieur de sp?cialisation aux ?l?ves d?j? titulaires d'un dipl?me d'ing?nieur;75;n
YHTyQ;Ecole ou site relevant d'une ?cole accr?dit?e ? d?livrer un titre d'ing?nieur dipl?m?;75;n
a4V56;Label Centre d'excellence du Minist?re des Arm?es;75;n
CH2Z9;Infrastructure de recherche candidate ? la feuille de route 2021;75;n
c8auP;Programme cadre de recherche et innovation;75;n
s8Vm3;Institut pour la transition ?nerg?tique;75;
IeBt6;Unit? mixte des instituts fran?ais de recherche ? l'?tranger;75;
B6w5C;Mus?e;75;
qC5q7;Cat?gorie de CurieXplore;75;n
HW0F6;Unit? mixte internationale du CNRS;75;
ytPUL;Unit? de service et de recherche du CNRS;75;
jxv8Z;Implantation de structures fran?aises ? l'?tranger;75;n
eYx1y;Implantation de structures ?trang?res en France;75;n
zyS61;Bureau du CNRS ? l'?tranger;75;
S7YIZ;Equipement ou plate-forme au service de la recherche et de l'innovation;75;
d5f31;Bachelor universitaire de technologie;75;n
epEL4;?tablissement fran?ais pr?sent dans le classement de Shanghai 2019;75;n
CQ90t;?tablissement participant ? la phase 2 du dialogue strat?gique de gestion;80;n
kd36E;Universit? issue d'une fusion;80;
iwnyd;Cat?gories de ROR (types) ;97;n
isa9p;Start-ups accompagn?es par un incubateur public ;99;
qtwih;Label G?n?ration 2030;99;n
7jrkz;Op?rateur du programme 361 - Transmission des savoirs et d?mocratisation de la culture;99;
5zvn4;Autorit? publique ind?pendante;99;
vruol;?tablissements de sant? priv?s d?int?r?t collectif;99;
a7fnb;Agence de programmes;99;
2o7z8;Etablissement d'enseignement sup?rieur ?tranger d?livrant un dipl?me reconnu par l'Etat fran?ais;99;
5nuf9;?tablissement pr?sent dans fresq;99;n
690xz;Autre composante d'universit?;99;n
1dx1a;Soci?t? d'acc?l?ration du transfert de technologies Exp?rimentale;99;
mz2lc;?cole technico-professionnelle des services;60;
jhpy9;?tablissement fran?ais pr?sent dans le classement de Shanghai 2025;99;
k0fbn;CEA Tech en r?gion;99;
dnn2p;Ecole d?livrant un dipl?me ?valu? par la CEFDG;99;n
et0pf;Groupe hospitalo-universitaire;99;
wmc39;Antenne d'un ?tablissement d'enseignement sup?rieur priv?;99;n
5hmpb;P?le universitaire d'innovation - Exp?rimentation;99;
ecqpb;Typologie des universit?s;99;n
xvai7;Observatoire des sciences de l'Univers;99;
8w0ro;Antenne d?localis?e d'une composante d'universit?;99;n
tqnzf;Antenne d?localis?e d'un institut interne d'universit?;99;n
lh8e2;Service Commun Handicap;99;n
gfvj5;Ecole de Formation Juridique;99;
8yp49;Section d'Enseignement Professionnel;99;
8ck3v;Centre de r?f?rence maladie rare;99;
mn0ew;Unit? de formation et de Recherche;99;n
ptm84;Service Commun d'Information et d'Orientation;99;n
t39nt;Lyc?e Technologique Priv?;99;
8ae3e;Lyc?e technologique public;99;
wthv1;Learning centre;99;n
z80mt;Etablissements labellis?s BSIS;99;n
x62rl;Formation de recherche en ?volution;99;n
by7u3;Ecole technico-professionnelle de production industrielle;99;
buz3v;Universit?s accr?dit?es ? d?livrer un dipl?me d'Etat d'infirmier de bloc op?ratoire;99;
8cb9j;Universit?s accr?dit?es ? d?livrer un dipl?me d'Etat d'infirmier en pratique avanc?e;99;
fa71w;Infrastructure de recherche inscrite dans la feuille de route 2021;99;n
95ius;?tablissement de la 3eme vague de COMP;99;n
dmk6m;?tablissement de la 2eme vague de COMP;99;n
fj4jd;"Universit? appel?e ""normales, de villes moyennes"" (clusters V. Berger)";99;n
d0hip;"Universit? ? dominante ""droit-?co"" (clusters V. Berger)";99;n
1mlgd;"Universit? ? dominante ""SHS"" (clusters V. Berger)";99;n
z084c;"Universit? ""de proximit?"" (clusters V. Berger)";99;n
jle7x;"Universit? ""de recherche intensive"" (clusters V. Berger)";99;n
za9vp;Institut hospitalo-universitaire ?mergent;99;
tbua6;Association d'anciens ?l?ves/?tudiants;99;
lRiow;?cole d'ing?nieurs sous tutelle du MESR;99;
1yIP0;Magazine ;99;n
hlnOX;Pole de comp?titivit? - Phase 5 (2023-2026) - Labellisation 1 an;99;n
or8Z5;Pole de comp?titivit? - Phase 5 (2023-2026) - Labellisation 2 ans;99;n
d22Y0;Pole de comp?titivit? - Phase 5 (2023-2026) - Labellisation 4 ans;99;n
uEQ0Z;Pr?sent dans le palmar?s Inpi 2022;99;n
lHssW;?tablissement participant au COMP;99;n
yfbyS;Emploi scientifique;99;n
FAFNi;?tablissement de la 1?re vague de COMP;99;n
GtR5Q;Start-up proche de la recherche publique;99;
HqP9Q;Mus?e national;99;
nbmjG;Parc national;99;
6w6KN;CCI ? l'?tranger;99;n
blc9B;Espace Campus France ? l'?tranger;99;n
CyXlx;Etablissement t?te de Cord?e de la r?ussite relevant du MESR;99;n
mFT4Z;Etablissement t?te de Cord?e de la R?ussite;99;n
Mf2pG;Etablissement t?te de Cord?e de la r?ussite relevant du MENJS;99;n
gNcAQ;Campus connect?, laur?at du Programme d'investissement d'avenir 3?me vague;99;n
CWT41;Campus connect?, laur?at du Programme d'investissement d'avenir 2?me vague;99;n
lXqBR;Campus connect?, laur?at du Programme d'investissement d'avenir 1?re vague;99;n
TBS8m;Tiers-lieu proposant d?accueillir les ?tudiants pendant la fermeture des ?tablissements;99;n
Ehu53;Structure de #dialogue;99;n
ubnO4;Infrastructure de recherche inscrite dans la feuille de route 2018;99;n
j7jS2;Liste d'?tablissements;99;n
v1vFV;Regroupement universitaire;99;
WkSgR;Etablissement publics d?enseignement sup?rieur entrant dans la cotutelle du ministre charg? de l?enseignement sup?rieur (Art L 123-1 du code de l??ducation);99;
fQ6GL;Etablissements d?enseignement sup?rieur techniques priv?s (hors formations relevant du commerce et de la gestion);60;
YNqFb;Commerce et gestion - Etablissements d?enseignement sup?rieur techniques priv?s et consulaires autoris?s ? d?livrer un dipl?me vis? par le ministre charg? de l?enseignement sup?rieur et/ou ? conf?rer le grade universitaire;99;
Vq6b5;Campus connect? exp?rimental;99;n
bSBeZ;Campus connect?, laur?at du Programme d'investissement d'avenir;99;n
EI41a;Autres ?tablissements (liste priv?e);99;n
WCat8;Liste des ?tablissements publics relevant du ministre charg? de l'Enseignement sup?rieur;99;n
fziPX;"Label ""G?n?ration 2024""";99;n
gxhKp;Op?rateur du programme 129 - Coordination du travail gouvernemental;99;
yh4Ri;Op?rateur du programme 220 - Statistiques et ?tudes ?conomiques;99;
4h3YE;Op?rateur du programme 343 - Plan France Tr?s haut d?bit;99;
HErVw;Op?rateur du programme 308 - Protection des droits et libert?s;99;
X44E9;Op?rateur du programme 149 - Comp?titivit? et durabilit? de l'agriculture, de l'agroalimentaire, de la for?t, de la p?che et de l'aquaculture;99;
jwcjL;Op?rateur du programme 206 - S?curit? et qualit? sanitaires de l'alimentation;99;
Zc77B;Op?rateur du programme 215 - Conduite et pilotage des politiques de l'agriculture;99;
TfGgn;Op?rateur du programme 354 - Administration territoriale de l'?tat;99;
PPRYz;Op?rateur du programme 232 - Vie politique, cultuelle et associative;99;
gMgIG;Op?rateur du programme 216 - Conduite et pilotage des politiques de l'int?rieur;99;
lwt9m;Op?rateur du programme 134 - D?veloppement des entreprises et r?gulations;99;
U9Gvf;Op?rateur du programme 305 - Strat?gie ?conomique et fiscale;99;
jev4E;Op?rateur du programme 110 - Aide ?conomique et financi?re au d?veloppement;99;
xJaZU;Op?rateur du programme 209 - Solidarit? ? l'?gard des pays en d?veloppement;99;
3b4tz;Op?rateur du programme 131 - Cr?ation;99;
29pu9;Op?rateur du programme 743 - Pensions militaires d'invalidit? et des victimes de guerre et autres pensions;99;
b5zTb;Op?rateur du programme 224 - Transmission des savoirs et d?mocratisation de la culture;99;
7wP6w;Op?rateur du programme 175 - Patrimoines;99;
593cg;Op?rateur du programme 164 - Cour des comptes et autres juridictions financi?res;99;
5GWOU;Op?rateur du programme 741 - Pensions civiles et militaires de retraite et allocations temporaires d'invalidit?;99;
ZNnCd;Op?rateur du programme 742 - Ouvriers des ?tablissements industriels de l'?tat;99;
9e14q;Op?rateur du programme 340 - Haut Conseil des finances publiques;99;
pkyOU;Op?rateur du programme 126 - Conseil ?conomique, social et environnemental;99;
AA6t7;Op?rateur du programme 144 - Environnement et prospective de la politique de d?fense;99;
ev8nm;Op?rateur du programme 165 - Conseil d'?tat et autres juridictions administratives;99;
ccru6;Op?rateur du programme 212 - Soutien de la politique de la d?fense;99;
SjC7j;Op?rateur du programme 178 - Pr?paration et emploi des forces;99;
9u2aY;Op?rateur du programme 732 - D?sendettement de l'?tat et d'?tablissements publics de l'?tat;99;
h2w3f;Op?rateur du programme 146 - ?quipement des forces;99;
H0QIZ;Op?rateur du programme 117 - Charge de la dette et tr?sorerie de l'?tat (cr?dits ?valuatifs);99;
JaALe;Op?rateur du programme 344 - Fonds de soutien relatif aux pr?ts et contrats financiers structur?s ? risque;99;
89Sei;Op?rateur du programme 336 - Dotation du M?canisme europ?en de stabilit?;99;
13zBO;Op?rateur du programme 338 - Augmentation de capital de la Banque europ?enne d'investissement;99;
y05Np;Op?rateur du programme 731 - Op?rations en capital int?ressant les participations financi?res de l'?tat;99;
HNQ6C;Op?rateur du programme 180 - Presse et m?dias;99;
yhd8a;Op?rateur du programme 335 - Conseil sup?rieur de la magistrature;99;
KnO1Z;Op?rateur du programme 114 - Appels en garantie de l'?tat (cr?dits ?valuatifs);99;
rCC9H;Op?rateur du programme 145 - ?pargne;99;
Z7866;Op?rateur du programme 101 - Acc?s au droit et ? la justice;99;
0nk3N;Op?rateur du programme 182 - Protection judiciaire de la jeunesse;99;
KBqqz;Op?rateur du programme 334 - Livre et industries culturelles;99;
kPdfr;Op?rateur du programme 310 - Conduite et pilotage de la politique de la justice;99;
zywuQ;Op?rateur du programme 107 - Administration p?nitentiaire;99;
3f2iv;Op?rateur du programme 302 - Facilitation et s?curisation des ?changes;99;
AG5P7;Op?rateur du programme 721 - Contribution des cessions immobili?res au d?sendettement de l'?tat;99;
hgr8h;Op?rateur du programme 166 - Justice judiciaire;99;
4JnF9;Op?rateur du programme 218 - Conduite et pilotage des politiques ?conomiques et financi?res;99;
yc77u;Op?rateur du programme 148 - Fonction publique;99;
t08f9;Op?rateur du programme 156 - Gestion fiscale et financi?re de l'?tat et du secteur public local;99;
g3rGL;Op?rateur du programme 542 - Indemnit?s des repr?sentants fran?ais au Parlement europ?en;99;
721AJ;Op?rateur du programme 723 - Op?rations immobili?res et entretien des b?timents de l'?tat;99;
9bOaX;Op?rateur du programme 521 - S?nat;99;
8K6eg;Op?rateur du programme 869 - Pr?ts ? la soci?t? concessionnaire de la liaison express entre Paris et l'a?roport Paris-Charles de Gaulle;99;
yTp73;Op?rateur du programme 541 - La Cha?ne parlementaire;99;
2O6W2;Op?rateur du programme 823 - Avances ? des organismes distincts de l'?tat et g?rant des services publics;99;
xS2VH;Op?rateur du programme 825 - Avances ? l'Office national d'indemnisation des accidents m?dicaux, des affections iatrog?nes et des infections nosocomiales (ONIAM) au titre de l'indemnisation des victimes du Benfluorex;99;
2KTp4;Op?rateur du programme 862 - Pr?ts pour le d?veloppement ?conomique et social;99;
CGu7y;Op?rateur du programme 123 - Conditions de vie outre-mer;99;
2W4cS;Op?rateur du programme 824 - Avances ? des services de l'?tat;99;
Rzn3p;Op?rateur du programme 786 - Mat?riel roulant des services nationaux de transport conventionn?s;99;
vrNvH;Op?rateur du programme 167 - Liens entre la Nation et son arm?e;99;
2Rbjr;Op?rateur du programme 138 - Emploi outre-mer;99;
GSnl0;Op?rateur du programme 753 - Contr?le et modernisation de la politique de la circulation et du stationnement routiers;99;
334Tj;Op?rateur du programme 854 - Pr?ts aux ?tats membres de l'Union europ?enne dont la monnaie est l'euro;99;
949jx;Op?rateur du programme 754 - Contribution ? l'?quipement des collectivit?s territoriales pour l'am?lioration des transports en commun, de la s?curit? et de la circulation routi?res;99;
dd4Yl;Op?rateur du programme 532 - Haute Cour;99;
9T2OR;Op?rateur du programme 511 - Assembl?e nationale;99;
r9252;Op?rateur du programme 531 - Conseil constitutionnel;99;
7cvqO;Op?rateur du programme 169 - Reconnaissance et r?paration en faveur du monde combattant;99;
CYYh7;Op?rateur du programme 501 - Pr?sidence de la R?publique;99;
983Tz;Op?rateur du programme 821 - Avances ? l'Agence de services et de paiement, au titre du pr?financement des aides communautaires de la politique agricole commune;99;
gK276;Op?rateur du programme 533 - Cour de justice de la R?publique;99;
02ppx;Op?rateur du programme 861 - Pr?ts et avances pour le logement des agents de l'?tat;99;
QT1BF;Op?rateur du programme 785 - Exploitation des services nationaux de transport conventionn?s;99;
2NJQN;Op?rateur du programme 158 - Indemnisation des victimes des pers?cutions antis?mites et des actes de barbarie pendant la seconde guerre mondiale;99;
389d6;Op?rateur du programme 868 - Pr?ts et avances pour le d?veloppement du commerce avec l'Iran;99;
EdO33;Op?rateur du programme 755 - D?sendettement de l'?tat;99;
MJpsT;Op?rateur du programme 751 - Structures et dispositifs de s?curit? routi?re;99;
RP21b;Op?rateur du programme 852 - Pr?ts ? des ?tats ?trangers pour consolidation de dettes envers la France;99;
OG84w;Op?rateur du programme 847 - TV5 Monde;99;
dex7q;Op?rateur du programme 853 - Pr?ts ? l'Agence fran?aise de d?veloppement en vue de favoriser le d?veloppement ?conomique et social dans des ?tats ?trangers;99;
9dxx2;Op?rateur du programme 851 - Pr?ts du Tr?sor ? des ?tats ?trangers en vue de faciliter la vente de biens et de services concourant au d?veloppement du commerce ext?rieur de la France;99;
kT3eR;Op?rateur du programme 841 - France T?l?visions;99;
UdcwZ;Op?rateur du programme 843 - Radio France;99;
C4MSF;Op?rateur du programme 197 - R?gimes de retraite et de s?curit? sociale des marins;99;
X9UCO;Op?rateur du programme 845 - Institut national de l'audiovisuel;99;
IkuJa;Op?rateur du programme 198 - R?gimes sociaux et de retraite des transports terrestres;99;
PJQGc;Op?rateur du programme 844 - France M?dias Monde;99;
lqXMK;Op?rateur du programme 552 - D?penses accidentelles et impr?visibles;99;
25XlB;Op?rateur du programme 161 - S?curit? civile;99;
CQ1Sn;Op?rateur du programme 551 - Provision relative aux r?mun?rations publiques;99;
4n3GF;Op?rateur du programme 152 - Gendarmerie nationale;99;
K1Z77;Op?rateur du programme 207 - S?curit? et ?ducation routi?res;99;
jUmgr;Op?rateur du programme 195 - R?gimes de retraite des mines, de la SEITA et divers;99;
fAjA5;Op?rateur du programme 176 - Police nationale;99;
LEZ80;Op?rateur du programme 796 - R?trocessions de trop-per?us ? la Banque de France;99;
F6LTS;Op?rateur du programme 842 - ARTE France;99;
XzClh;Op?rateur du programme 183 - Protection maladie;99;
njt4u;Op?rateur du programme 204 - Pr?vention, s?curit? sanitaire et offre de soins;99;
fNGpC;Op?rateur du programme 119 - Concours financiers aux collectivit?s territoriales et ? leurs groupements;99;
lfgrp;Op?rateur du programme 122 - Concours sp?cifiques et administration;99;
7VQue;Op?rateur du programme 795 - Versement de la France ? la Gr?ce au titre de la restitution ? cet ?tat des revenus per?us sur les titres grecs;99;
W4Ti9;Op?rateur du programme 217 - Conduite et pilotage des politiques de l'?cologie, du d?veloppement et de la mobilit? durables;99;
MFOe6;Op?rateur du programme 203 - Infrastructures et services de transports;99;
wpzGh;Op?rateur du programme 355 - Charge de la dette de SNCF R?seau reprise par l'?tat (cr?dits ?valuatifs);99;
kH347;Op?rateur du programme 345 - Service public de l'?nergie;99;
8rLBy;Op?rateur du programme 205 - Affaires maritimes;99;
p7nuY;Op?rateur du programme 159 - Expertise, ?conomie sociale et solidaire, information g?ographique et m?t?orologie;99;
N4k1n;Op?rateur du programme 174 - ?nergie, climat et apr?s-mines;99;
8cXCc;Op?rateur du programme 113 - Paysages, eau et biodiversit?;99;
3R0Yp;Op?rateur du programme 137 - ?galit? entre les femmes et les hommes;99;
54w49;Op?rateur du programme 181 - Pr?vention des risques;99;
d22T8;Op?rateur du programme 304 - Inclusion sociale et protection des personnes;99;
3bMEE;Op?rateur du programme 352 - Fonds pour l'acc?l?ration du financement des start-up d'?tat;99;
GF737;Op?rateur du programme 351 - Fonds d'accompagnement interminist?riel Ressources humaines;99;
XLNIP;Op?rateur du programme 124 - Conduite et soutien des politiques sanitaires, sociales, du sport, de la jeunesse et de la vie associative;99;
GIdGs;Op?rateur du programme 157 - Handicap et d?pendance;99;
bwKN7;Op?rateur du programme 348 - R?novation des cit?s administratives et autres sites domaniaux multi-occupants;99;
jWHaX;Op?rateur du programme 350 - Jeux olympiques et paralympiques 2024;99;
X91YZ;Op?rateur du programme 349 - Fonds pour la transformation de l'action publique;99;
JyOlU;Op?rateur du programme 421 - Soutien des progr?s de l'enseignement et de la recherche;99;
7WNC7;Op?rateur du programme 422 - Valorisation de la recherche;99;
Ql9Ay;Op?rateur du programme 219 - Sport;99;
58Cc5;Op?rateur du programme 105 - Action de la France en Europe et dans le monde;99;
FxUbf;Op?rateur du programme 191 - Recherche duale (civile et militaire);99;
DCM1O;Op?rateur du programme 172 - Recherches scientifiques et technologiques pluridisciplinaires;99;
LzU7R;Op?rateur du programme 190 - Recherche dans les domaines de l'?nergie, du d?veloppement et de la mobilit? durables;99;
R6kD4;Op?rateur du programme 793 - ?lectrification rurale;99;
iyn79;Op?rateur du programme 150 - Formations sup?rieures et recherche universitaire;99;
2WxyW;Op?rateur du programme 104 - Int?gration et acc?s ? la nationalit? fran?aise;99;
T9FX8;Op?rateur du programme 163 - Jeunesse et vie associative;99;
8hdZn;Op?rateur du programme 812 - Relations avec l'Union mon?taire d'Afrique centrale;99;
GkcqV;Op?rateur du programme 177 - H?bergement, parcours vers le logement et insertion des personnes vuln?rables;99;
T7KEt;Op?rateur du programme 201 - Remboursements et d?gr?vements d'imp?ts locaux (cr?dits ?valuatifs);99;
Es1dv;Op?rateur du programme 192 - Recherche et enseignement sup?rieur en mati?re ?conomique et industrielle;99;
9hDh0;Op?rateur du programme 109 - Aide ? l'acc?s au logement;99;
GMia3;Op?rateur du programme 214 - Soutien de la politique de l'?ducation nationale;99;
b6ZlG;Op?rateur du programme 193 - Recherche spatiale;99;
QHrWj;Op?rateur du programme 811 - Relations avec l'Union mon?taire ouest-africaine;99;
GLV4R;Op?rateur du programme 832 - Avances aux collectivit?s et ?tablissements publics, et ? la Nouvelle-Cal?donie;99;
W2Ipz;Op?rateur du programme 612 - Navigation a?rienne;99;
5v9Xy;Op?rateur du programme 794 - Op?rations de ma?trise de la demande d??lectricit?, de production d??lectricit? par des ?nergies renouvelables ou de production de proximit? dans les zones non interconnect?es;99;
i657d;Op?rateur du programme 624 - Pilotage et ressources humaines;99;
aW756;Op?rateur du programme 613 - Soutien aux prestations de l'aviation civile;99;
5PTgZ;Op?rateur du programme 102 - Acc?s et retour ? l'emploi;99;
594un;Op?rateur du programme 112 - Impulsion et coordination de la politique d'am?nagement du territoire;99;
1N7ts;Op?rateur du programme 142 - Enseignement sup?rieur et recherche agricoles;99;
rRHV8;Op?rateur du programme 231 - Vie ?tudiante;99;
l4gMc;Op?rateur du programme 186 - Recherche culturelle et culture scientifique;99;
nhu6b;Op?rateur du programme 111 - Am?lioration de la qualit? de l'emploi et des relations du travail;99;
uiYEL;Vague B;99;n
8IkXZ;Op?rateur du programme 776 - Recherche appliqu?e et innovation en agriculture;99;
KEL39;Vague D;99;n
7tbuw;Vague A;99;n
385EZ;Vague C;99;n
2lRl8;Vague E;99;n
2SZlU;Principaux ?tablissements d'enseignement sup?rieur;99;n
7cOrI;Op?rateur du programme 141 - Enseignement scolaire public du second degr?;99;
mpO3r;Op?rateur du programme 135 - Urbanisme, territoires et am?lioration de l'habitat;99;
JqttA;Op?rateur du programme 162 - Interventions territoriales de l'?tat;99;
k2249;Op?rateur du programme 143 - Enseignement technique agricole;99;
TZmlZ;Op?rateur du programme 139 - Enseignement priv? du premier et du second degr?s;99;
vfnz1;Op?rateur du programme 155 - Conception, gestion et ?valuation des politiques de l'emploi et du travail;99;
OpsqA;Op?rateur du programme 764 - Soutien ? la transition ?nerg?tique;99;
3ITz3;Op?rateur du programme 140 - Enseignement scolaire public du premier degr?;99;
lxT0Z;Op?rateur du programme 813 - Relations avec l'Union des Comores;99;
57ST1;Op?rateur du programme 200 - Remboursements et d?gr?vements d'imp?ts d'?tat (cr?dits ?valuatifs);99;
Hsjjj;Op?rateur du programme 614 - Transports a?riens, surveillance et certification;99;
Ax9mq;Op?rateur du programme 147 - Politique de la ville;99;
X6p8O;Op?rateur du programme 303 - Immigration et asile;99;
6P1w9;Op?rateur du programme 151 - Fran?ais ? l'?tranger et affaires consulaires;99;
BzP5W;Op?rateur du programme 765 - Engagements financiers li?s ? la transition ?nerg?tique;99;
6BvfC;Op?rateur du programme 423 - Acc?l?ration de la modernisation des entreprises;99;
paEgT;Op?rateur du programme 185 - Diplomatie culturelle et d'influence;99;
FwXW3;Op?rateur du programme 623 - ?dition et diffusion;99;
UF9kJ;Op?rateur du programme 103 - Accompagnement des mutations ?conomiques et d?veloppement de l'emploi;99;
hK259;Op?rateur du programme 230 - Vie de l'?l?ve;99;
nnhRE;Op?rateur du programme 775 - D?veloppement et transfert en agriculture;99;
kGw4M;Op?rateur du programme 833 - Avances sur le montant des impositions revenant aux r?gions, d?partements, communes, ?tablissements et divers organismes;99;
qkupo;Alliance d'influence et de valorisation de la recherche et de l'innovation;99;n
99bli;Alliance d'établissements d'enseignement supérieur français;99;n
p1bpz;Institut du service public;5;
fm54m;Petite & moyenne entreprise (SIRENE);99;
5xfts;Entreprise de taille intermédiaire (SIRENE);99;
od2su;Grande entreprise (SIRENE);99;
z2vxd;Catégories d'entreprises (SIRENE);99;
l49sc;Contrôle administratif et financier assuré par le recteur de région académique;99;n
5re7d;Contrôle administratif et financier assuré par le ministre en charge de l'Enseignement supérieur;99;n
bdj1g;Contrôle administratif et budgétaire des opérateurs;99;n
4d6gi;Contrôle administratif du recteur de l'académie de Paris, recteur de la région académique Ile-de-France, et budgétaire du DRFiP;99;n
rn3vd;Contrôle administratif et budgétaire assuré par le recteur de l'académie de Paris;99;n
oyt6i;Contrôle administratif du ministre en charge de l'Enseignement supérieur et budgétaire du recteur de l'académie de Paris;99;n
d14wq;Contrôle administratif du ministre en charge de l'Enseignement supérieur et budgétaire du recteur de région académique;99;n
87rkc;Contrôle administratif et budgétaire assuré par le ministre en charge de l'Enseignement supérieur et de l’Industrie;99;n
ql5rx;Autorité constitutionnelle;99;n
jvv90;Contrôle administratif et budgétaire assuré par le ministre en charge de l'Enseignement supérieur;99;n
ovz6x;Contrôle administratif et budgétaire assuré par le recteur de région académique;99;n
u8dxt;Contrôle administratif et financier du recteur de la région académique Île-de-France, et budgétaire du DRFiP;99;n
